{"cameraMode":{"drawMode":0,"name":"Shaded","section":"Shading Mode"},"sceneLighting":true,"audioPlay":false,"sceneViewState":{"m_AlwaysRefresh":false,"showFog":true,"showSkybox":true,"showFlares":true,"showImageEffects":true,"showParticleSystems":true,"showVisualEffectGraphs":true,"m_FxEnabled":true},"in2DMode":false,"pivot":{"x":-1.8861980438232422,"y":-4.0132856369018559,"z":14.713295936584473},"rotation":{"x":0.26156407594680788,"y":-0.6962739825248718,"z":0.3046979010105133,"w":0.5954520106315613},"size":11.411661148071289,"orthographic":false}